{
  "formatVersion" : 1,
  "passTypeIdentifier" : "pass.com.tapngo.businessCard",
  "serialNumber" : "8j23fm3",
  "webServiceURL" : "https://example.com/passes/",
  "authenticationToken" : "vxwxd7J8AlNNFPS8k0a0FfUFtq0ewzFdc",
  "teamIdentifier" : "A93A5CM278",
  "locations" : [
    {
      "longitude" : -122.3748889,
      "latitude" : 37.6189722
    },
    {
      "longitude" : -122.03118,
      "latitude" : 37.33182
    }
  ],
  "barcode" : {
    "altText" : "Scan Me",
    "message" : "123456789",
    "format" : "PKBarcodeFormatQR",
    "messageEncoding" : "iso-8859-1"
  },
  "organizationName" : "Eclick Softwares",
  "description" : "Toy Town Membership",
  "logoText" : "Toy Town",
  "foregroundColor" : "rgb(255, 255, 255)",
  "backgroundColor" : "rgb(197, 31, 31)",
  "generic" : {
    "primaryFields" : [
      {
        "key" : "member",
        "value" : "Johnny Appleseed"
      }
    ],
    "secondaryFields" : [
      {
        "key" : "subtitle",
        "label" : "MEMBER SINCE",
        "value" : "2012"
      }
    ],
    "auxiliaryFields" : [
      {
        "key" : "level",
        "label" : "LEVEL",
        "value" : "Platinum"
      },
      {
        "key" : "favorite",
        "label" : "FAVORITE TOY",
        "value" : "Bucky Ball Magnets",
        "textAlignment" : "PKTextAlignmentRight"
      }
    ],
    "backFields" : [
      {
        "numberStyle" : "PKNumberStyleSpellOut",
        "label" : "spelled out",
        "key" : "numberStyle",
        "value" : 200
      },
      {
        "label" : "in Reals",
        "key" : "currency",
        "value" : 200,
        "currencyCode" : "BRL"
      },
      {
        "dateStyle" : "PKDateStyleFull",
        "label" : "full date",
        "key" : "dateFull",
        "value" : "1980-05-07T10:00-05:00"
      },
      {
        "label" : "full time",
        "key" : "timeFull",
        "value" : "1980-05-07T10:00-05:00",
        "timeStyle" : "PKDateStyleFull"
      },
      {
        "dateStyle" : "PKDateStyleShort",
        "label" : "short date and time",
        "key" : "dateTime",
        "value" : "1980-05-07T10:00-05:00",
        "timeStyle" : "PKDateStyleShort"
      },
      {
        "dateStyle" : "PKDateStyleShort",
        "label" : "relative date",
        "key" : "relStyle",
        "value" : "2013-04-24T10:00-05:00",
        "isRelative" : true
      }
    ]
  }
}
