{
    "data": [
        {
            "title": "Dashboard",
            "type": "dashboard",
            "activity": ["view"]
        },
        {
            "title": "Asset Type",
            "type": "master",
            "activity": ["add", "edit", "view", "status", "delete"]
        },
        {
            "title": "Asset",
            "type": "master",
            "activity": ["add", "edit", "view", "status", "delete"]
        },
        {
            "title": "Maintenance",
            "type": "master",
            "activity": ["add", "edit", "view", "status", "delete"]
        },
        {
            "title": "Brand",
            "type": "master",
            "activity": ["add", "edit", "view", "status", "delete"]
        },
        {
            "title": "Location",
            "type": "master",
            "activity": ["add", "edit", "view", "status", "delete"]
        },
        {
            "title": "Employee",
            "type": "master",
            "activity": ["add", "edit", "view", "status", "delete"]
        },
        {
            "title": "Vendor",
            "type": "master",
            "activity": ["add", "edit", "view", "status", "delete"]
        },
        {
            "title": "Entity",
            "type": "master",
            "activity": ["add", "edit", "view", "status", "delete"]
        },
        {
            "title": "SBU",
            "type": "master",
            "activity": ["add", "edit", "view", "status", "delete"]
        },
        {
            "title": "Division",
            "type": "master",
            "activity": ["add", "edit", "view", "status", "delete"]
        },
        {
            "title": "Designation",
            "type": "master",
            "activity": ["add", "edit", "view", "status", "delete"]
        },
        {
            "title": "Office Location",
            "type": "master",
            "activity": ["add", "edit", "view", "status", "delete"]
        },
        {
            "title": "Workflow",
            "type": "master",
            "activity": ["add", "edit", "view", "status", "delete"]
        },
        {
            "title": "Department",
            "type": "master",
            "activity": ["add", "edit", "view", "status", "delete"]
        },
        {
            "title": "Terms & Conditions",
            "type": "master",
            "activity": ["add", "edit", "view", "status", "delete"]
        },
        {
            "title": "Budget",
            "type": "module",
            "activity": ["add", "edit", "view", "status", "delete"]
        },
        {
            "title": "Requisition",
            "type": "module",
            "activity": ["add", "edit", "view", "status", "delete"]
        },
        {
            "title": "RFQ",
            "type": "module",
            "activity": ["add", "edit", "view", "status", "delete"]
        },
        {
            "title": "Quotation",
            "type": "module",
            "activity": ["add", "edit", "view", "status", "delete"]
        },
        {
            "title": "Purchase Order",
            "type": "module",
            "activity": ["add", "edit", "view", "status", "delete"]
        },
        {
            "title": "Invoice",
            "type": "module",
            "activity": ["add", "edit", "view", "status", "delete"]
        },
        {
            "title": "ARN",
            "type": "module",
            "activity": ["add", "edit", "view", "status", "delete"]
        },
        {
            "title": "Report",
            "type": "report",
            "activity": ["add", "edit", "view", "status", "delete"]
        },
        {
            "title": "E-Ticket",
            "type": "e-ticket",
            "activity": ["add", "edit", "view", "status", "delete"]
        },
        {
            "title": "Site Settings",
            "type": "setting",
            "activity": ["attach", "detach"]
        },
        {
            "title": "Roles & Permissions",
            "type": "setting",
            "activity": ["attach", "detach"]
        }
    ]
}
