{
    "permissions":[
        {
            "name" : "View Dashboard",
            "type" : "dashboard"
        },


        {
            "name" : "Add Asset Type",
            "type" : "masters"
        },
        {
            "name" : "Edit Asset Type",
            "type" : "masters"
        },
        {
            "name" : "View Asset Type",
            "type" : "masters"
        },
        {
            "name" : "Status Asset Type",
            "type" : "masters"
        },
        {
            "name" : "Delete Asset Type",
            "type" : "masters"
        },


        {
            "name" : "Add Brand",
            "type" : "masters"
        },
        {
            "name" : "Edit Brand",
            "type" : "masters"
        },
        {
            "name" : "View Brand",
            "type" : "masters"
        },
        {
            "name" : "Status Brand",
            "type" : "masters"
        },
        {
            "name" : "Delete Brand",
            "type" : "masters"
        },


        {
            "name" : "Add Employee",
            "type" : "masters"
        },
        {
            "name" : "Edit Employee",
            "type" : "masters"
        },
        {
            "name" : "View Employee",
            "type" : "masters"
        },
        {
            "name" : "Status Employee",
            "type" : "masters"
        },
        {
            "name" : "Delete Employee",
            "type" : "masters"
        },



        {
            "name" : "Add Vendor",
            "type" : "masters"
        },
        {
            "name" : "Edit Vendor",
            "type" : "masters"
        },
        {
            "name" : "View Vendor",
            "type" : "masters"
        },
        {
            "name" : "Status Vendor",
            "type" : "masters"
        },
        {
            "name" : "Delete Vendor",
            "type" : "masters"
        },


        {
            "name" : "Add Asset Stock",
            "type" : "masters"
        },
        {
            "name" : "Edit Asset Stock",
            "type" : "masters"
        },
        {
            "name" : "View Asset Stock",
            "type" : "masters"
        },
        {
            "name" : "Status Asset Stock",
            "type" : "masters"
        },
        {
            "name" : "Delete Asset Stock",
            "type" : "masters"
        },


        {
            "name" : "Add Inward Stock",
            "type" : "masters"
        },
        {
            "name" : "Edit Inward Stock",
            "type" : "masters"
        },
        {
            "name" : "View Inward Stock",
            "type" : "masters"
        },
        {
            "name" : "Status Inward Stock",
            "type" : "masters"
        },
        {
            "name" : "Delete Inward Stock",
            "type" : "masters"
        },


        {
            "name" : "Add Outward Stock",
            "type" : "masters"
        },
        {
            "name" : "Edit Outward Stock",
            "type" : "masters"
        },
        {
            "name" : "View Outward Stock",
            "type" : "masters"
        },
        {
            "name" : "Status Outward Stock",
            "type" : "masters"
        },
        {
            "name" : "Delete Outward Stock",
            "type" : "masters"
        },


        {
            "name" : "Add Asset",
            "type" : "masters"
        },
        {
            "name" : "Edit Asset",
            "type" : "masters"
        },
        {
            "name" : "View Asset",
            "type" : "masters"
        },
        {
            "name" : "Status Asset",
            "type" : "masters"
        },
        {
            "name" : "Delete Asset",
            "type" : "masters"
        },

        {
            "name" : "Add Entity",
            "type" : "masters"
        },
        {
            "name" : "Edit Entity",
            "type" : "masters"
        },
        {
            "name" : "View Entity",
            "type" : "masters"
        },
        {
            "name" : "Status Entity",
            "type" : "masters"
        },
        {
            "name" : "Delete Entity",
            "type" : "masters"
        },

        {
            "name" : "Add Sbu",
            "type" : "masters"
        },
        {
            "name" : "Edit Sbu",
            "type" : "masters"
        },
        {
            "name" : "View Sbu",
            "type" : "masters"
        },
        {
            "name" : "Status Sbu",
            "type" : "masters"
        },
        {
            "name" : "Delete Sbu",
            "type" : "masters"
        },


        {
            "name" : "Add Division",
            "type" : "masters"
        },
        {
            "name" : "Edit Division",
            "type" : "masters"
        },
        {
            "name" : "View Division",
            "type" : "masters"
        },
        {
            "name" : "Status Division",
            "type" : "masters"
        },
        {
            "name" : "Delete Division",
            "type" : "masters"
        },

        {
            "name" : "Add Designation",
            "type" : "masters"
        },
        {
            "name" : "Edit Designation",
            "type" : "masters"
        },
        {
            "name" : "View Designation",
            "type" : "masters"
        },
        {
            "name" : "Status Designation",
            "type" : "masters"
        },
        {
            "name" : "Delete Designation",
            "type" : "masters"
        },


        {
            "name" : "Add Office Location",
            "type" : "masters"
        },
        {
            "name" : "Edit Office Location",
            "type" : "masters"
        },
        {
            "name" : "View Office Location",
            "type" : "masters"
        },
        {
            "name" : "Status Office Location",
            "type" : "masters"
        },
        {
            "name" : "Delete Office Location",
            "type" : "masters"
        },


        {
            "name" : "Add Department",
            "type" : "masters"
        },
        {
            "name" : "Edit Department",
            "type" : "masters"
        },
        {
            "name" : "View Department",
            "type" : "masters"
        },
        {
            "name" : "Status Department",
            "type" : "masters"
        },
        {
            "name" : "Delete Department",
            "type" : "masters"
        },




        {
            "name" : "Add Budget",
            "type" : "modules"
        },
        {
            "name" : "Edit Budget",
            "type" : "modules"
        },
        {
            "name" : "View Budget",
            "type" : "modules"
        },
        {
            "name" : "Status Budget",
            "type" : "modules"
        },
        {
            "name" : "Delete Budget",
            "type" : "modules"
        },


        {
            "name" : "Add Requisition",
            "type" : "modules"
        },
        {
            "name" : "Edit Requisition",
            "type" : "modules"
        },
        {
            "name" : "View Requisition",
            "type" : "modules"
        },
        {
            "name" : "Status Requisition",
            "type" : "modules"
        },
        {
            "name" : "Delete Requisition",
            "type" : "modules"
        },

 
        {
            "name" : "View Site Setting",
            "type" : "settings"
        },
        {
            "name" : "Attach Site Setting",
            "type" : "settings"
        },
        {
            "name" : "Detach Site Setting",
            "type" : "settings"
        },

        {
            "name" : "View Role Permission",
            "type" : "settings"
        },
        {
            "name" : "Attach Role Permission",
            "type" : "settings"
        },
        {
            "name" : "Detach Role Permission",
            "type" : "settings"
        }


    ]
}
