{
    "data": [
        {
            "title": "Total Assets",
            "position": "1",
            "icon": "card-icon.svg"
        },
        {
            "title": "New Assets Requisitions",
            "position": "2",
            "icon": "bar-icon.svg"
        },
        {
            "title": "New Tickets Assigned",
            "position": "3",
            "icon": "card-icon.svg"
        },
        {
            "title": "Upcoming Renewals",
            "position": "4",
            "icon": "bar-icon.svg"
        },
        {
            "title": "Unassigned Tickets",
            "position": "5",
            "icon": "card-icon.svg"
        },
        {
            "title": "Tangible Assets Stock",
            "position": "6",
            "icon": "bar-icon.svg"
        },
        {
            "title": "Entity",
            "position": "7",
            "icon": "card-icon.svg"
        },
        {
            "title": "Software License Renewals",
            "position": "8",
            "icon": "bar-icon.svg"
        },
        {
            "title": "Recent Activity",
            "position": "9",
            "icon": "card-icon.svg"
        }
    ]
}
