{
    "permissions":
    [
        {
            "name": "View Job",
            "group_by": "Job"
        },
        {
            "name": "Add Job",
            "group_by": "Job"
        },
        {
            "name": "Edit Job",
            "group_by": "Job"
        },
        {
            "name": "Cancel Job",
            "group_by": "Job"
        },
        {
            "name": "Verify Job",
            "group_by": "Job"
        },
        {
            "name": "View Job Notifications",
            "group_by": "Job"
        },
        {
             "name": "Delete Job",
            "group_by": "Job"
        },
        {
            "name": "View Sub Contractor",
            "group_by": "Sub Contractor"
        },
        {
            "name": "Add Sub Contractor",
            "group_by": "Sub Contractor"
        },
        {
            "name": "Edit Sub Contractor",
            "group_by": "Sub Contractor"
        },
        {
            "name": "Delete Sub Contractor",
            "group_by": "Sub Contractor"
        },
        {
            "name": "View Loads",
            "group_by": "Live Trucks"
        },
        {
            "name": "View Legals",
            "group_by": "Legal"
        },
        {
            "name": "View Ratings",
            "group_by": "Ratings"
        },
        {
            "name": "View FAQ",
            "group_by": "FAQ"
        }
    ]

}
