{
    "permissions":
    [
        {
            "name": "Faq Master",
            "group_by": "Master"
        },{
            "name": "Add Faq",
            "group_by": "Master"
        },
        {
            "name": "Edit Faq",
            "group_by": "Master"
        },
        {
             "name": "Delete Faq",
            "group_by": "Master"
        },
        {
            "name": "Faq Master",
            "group_by": "Master"
        },
        {
            "name": "Faq Status Change",
            "group_by": "Master"
        }
    ]

}
