{
  "groups":[
    {
      "name":"Main",
      "order":1,
      "menus":[
        {
          "name":"Dashboard",
          "icon":"dashboard",
          "link":"/dashboard/",
          "order":1,
          "actions":["View"],
          "menus":null
        }
      ]
    },
    {
      "name":"Ecommerce",
      "order":2,
      "menus":[
        {
          "name":"Products",
          "icon":"inventory_2",
          "link":"",
          "order":1,
          "actions":[],
          "menus":[
            {
              "name":"Products Catalog",
              "icon":null,
              "link":"/ecommerce/products-list/",
              "order":1,
              "actions":["View", "Add", "Edit", "Delete", "Export", "Import"],
              "menus":null
            },
            {
              "name":"Products Categories",
              "icon":null,
              "link":"/ecommerce/categories/",
              "order":2,
              "actions":["View", "Add", "Edit", "Delete", "Export", "Import"],
              "menus":null
            },
            {
              "name":"Brands / Manufacturers",
              "icon":null,
              "link":"/ecommerce/brands-manufacturers/",
              "order":3,
              "actions":["View", "Add", "Edit", "Delete", "Export", "Import"],
              "menus":null
            },
            {
              "name":"Product Attributes",
              "icon":null,
              "link":"/ecommerce/product-attributes/",
              "order":4,
              "actions":["View", "Add", "Edit", "Delete", "Export", "Import"],
              "menus":null
            },
            {
              "name":"Discount Coupons",
              "icon":null,
              "link":"/ecommerce/coupons/",
              "order":5,
              "actions":["View", "Add", "Edit", "Delete", "Export", "Import"],
              "menus":null
            },
            {
              "name":"Reviews & Ratings",
              "icon":null,
              "link":"/ecommerce/reviews/",
              "order":6,
              "actions":["View", "Add", "Edit", "Delete"],
              "menus":null
            }
          ]
        },
        {
          "name":"Orders Management",
          "icon":"shopping_cart",
          "link":"",
          "order":2,
          "actions":[],
          "menus":[
            {
              "name":"All Orders",
              "icon":null,
              "link":"/ecommerce/orders/",
              "order":1,
              "actions":["View", "Add", "Edit", "Delete", "Export"],
              "menus":null
            },
            {
              "name":"Order Invoices & Packing Slips",
              "icon":null,
              "link":"/ecommerce/order-invoices/",
              "order":2,
              "actions":["View", "Add", "Edit", "Delete", "Export"],
              "menus":null
            }
          ]
        },
        {
          "name":"Inventory / Stock Control",
          "icon":"inventory",
          "link":"",
          "order":3,
          "actions":[],
          "menus":[
            {
              "name":"Stock Levels",
              "icon":null,
              "link":"/ecommerce/stock-levels/",
              "order":1,
              "actions":["View", "Add", "Edit", "Delete"],
              "menus":null
            },
            {
              "name":"Stock Adjustment",
              "icon":null,
              "link":"/ecommerce/stock-adjustment/",
              "order":2,
              "actions":["View", "Add", "Edit", "Delete"],
              "menus":null
            },
            {
              "name":"Warehouse / Locations",
              "icon":null,
              "link":"/ecommerce/locations/",
              "order":3,
              "actions":["View", "Add", "Edit", "Delete", "Export", "Import"],
              "menus":null
            },
            {
              "name":"Out-Of-Stock Alerts",
              "icon":null,
              "link":"/ecommerce/stock-alerts/",
              "order":4,
              "actions":["View", "Add", "Edit", "Delete"],
              "menus":null
            }
          ]
        },
        {
          "name":"Customers",
          "icon":"group",
          "link":"",
          "order":4,
          "actions":[],
          "menus":[
            {
              "name":"All Customers",
              "icon":null,
              "link":"/ecommerce/customers/",
              "order":1,
              "actions":["View", "Add", "Edit", "Delete", "Export", "Import"],
              "menus":null
            },
            {
              "name":"Wishlist & Saved Items Tracking",
              "icon":null,
              "link":"/ecommerce/wishlists/",
              "order":2,
              "actions":["View", "Add", "Edit", "Delete"],
              "menus":null
            }
          ]
        },
        {
          "name":"Marketing & Promotions",
          "icon":"shoppingmode",
          "link":"",
          "order":5,
          "actions":[],
          "menus":[
            {
              "name":"Offers",
              "icon":null,
              "link":"/ecommerce/offers/",
              "order":1,
              "actions":["View", "Add", "Edit", "Delete"],
              "menus":null
            },
            {
              "name":"Banners & Sliders",
              "icon":null,
              "link":"/ecommerce/banners/",
              "order":2,
              "actions":["View", "Add", "Edit", "Delete"],
              "menus":null
            },
            {
              "name":"Email Marketing",
              "icon":null,
              "link":"/ecommerce/email-marketing/",
              "order":3,
              "actions":["View", "Add", "Edit", "Delete"],
              "menus":null
            }
          ]
        },
        {
          "name":"Payments & Transactions",
          "icon":"payments",
          "link":"",
          "order":6,
          "actions":[],
          "menus":[
            {
              "name":"Payment Gateway Settings",
              "icon":null,
              "link":"/ecommerce/payment-settings/",
              "order":1,
              "actions":["View", "Add", "Edit", "Delete"],
              "menus":null
            },
            {
              "name":"Transaction Logs",
              "icon":null,
              "link":"/ecommerce/transaction-logs/",
              "order":2,
              "actions":["View", "Add", "Edit", "Delete", "Export"],
              "menus":null
            }
          ]
        },
        {
          "name":"Reports & Analytics",
          "icon":"analytics",
          "link":"",
          "order":7,
          "actions":[],
          "menus":[
            {
              "name":"Sales Report",
              "icon":null,
              "link":"/ecommerce/reports/",
              "order":1,
              "actions":["View", "Add", "Edit", "Delete", "Export"],
              "menus":null
            },
            {
              "name":"Inventory Report",
              "icon":null,
              "link":"/ecommerce/inventory-reports/",
              "order":2,
              "actions":["View", "Add", "Edit", "Delete", "Export"],
              "menus":null
            },
            {
              "name":"Customer Report",
              "icon":null,
              "link":"/ecommerce/customer-reports/",
              "order":3,
              "actions":["View", "Add", "Edit", "Delete", "Export"],
              "menus":null
            },
            {
              "name":"Customer Orders",
              "icon":null,
              "link":"/ecommerce/customer-orders/",
              "order":4,
              "actions":["View", "Add", "Edit", "Delete", "Export"],
              "menus":null
            }
          ]
        }
      ]
    },
    {
      "name":"Modules",
      "order":3,
      "menus":[
        {
          "name":"Admin Users",
          "icon":"group",
          "link":"/modules/admin-users/",
          "order":2,
          "actions":["View", "Add", "Edit", "Delete", "Export", "Import"],
          "menus":null
        }
      ]
    },
    {
      "name":"Settings",
      "order":4,
      "menus":[
        {
          "name":"Settings",
          "icon":"settings",
          "link":"",
          "order":1,
          "actions":[],
          "menus":[
            {
              "name":"General Settings",
              "icon":null,
              "link":"/settings/account-settings/",
              "order":1,
              "actions":["View", "Add", "Edit", "Delete"],
              "menus":null
            },
            {
              "name":"Roles & Permissions",
              "icon":null,
              "link":"/settings/role/list/",
              "order":3,
              "actions":["View", "Add", "Edit", "Delete"],
              "menus":null
            }
          ]
        }
      ]
    }
  ]
}